line_1,city,state,zip
6649 N Blue Gum St,New Orleans,LA,70116
4 B Blue Ridge Blvd,Brighton,MI,48116
8 W Cerritos Ave #54,Bridgeport,NJ,8014
639 Main St,Anchorage,AK,99501
34 Center St,Hamilton,OH,45011
3 Mcauley Dr,Ashland,OH,44805
7 Eads St,Chicago,IL,60632
7 W Jackson Blvd,San Jose,CA,95111
5 Boston Ave #88,Sioux Falls,SD,57105
228 Runamuck Pl #2808,Baltimore,MD,21224
2371 Jerrold Ave,Kulpsville,PA,19443
37275 St  Rt 17m M,Middle Island,NY,11953
25 E 75th St #69,Los Angeles,CA,90034
98 Connecticut Ave Nw,Chagrin Falls,OH,44023
56 E Morehead St,Laredo,TX,78045
73 State Road 434 E,Phoenix,AZ,85013
69734 E Carrillo St,Mc Minnville,TN,37110
322 New Horizon Blvd,Milwaukee,WI,53207
1 State Route 27,Taylor,MI,48180
394 Manchester Blvd,Rockford,IL,61109
6 S 33rd St,Aston,PA,19014
6 Greenleaf Ave,San Jose,CA,95111
618 W Yakima Ave,Irving,TX,75062
74 S Westgate St,Albany,NY,12204
3273 State St,Middlesex,NJ,8846
1 Central Ave,Stevens Point,WI,54481
86 Nw 66th St #8673,Shawnee,KS,66218
2 Cedar Ave #84,Easton,MD,21601
90991 Thorburn Ave,New York,NY,10011
386 9th Ave N,Conroe,TX,77301
74874 Atlantic Ave,Columbus,OH,43215
366 South Dr,Las Cruces,NM,88011
45 E Liberty St,Ridgefield Park,NJ,7660
4 Ralph Ct,Dunellen,NJ,8812
2742 Distribution Way,New York,NY,10025
426 Wolf St,Metairie,LA,70002
128 Bransten Rd,New York,NY,10011
17 Morena Blvd,Camarillo,CA,93012
775 W 17th St,San Antonio,TX,78204
6980 Dorsett Rd,Abilene,KS,67410
2881 Lewis Rd,Prineville,OR,97754
7219 Woodfield Rd,Overland Park,KS,66204
1048 Main St,Fairbanks,AK,99708
678 3rd Ave,Miami,FL,33196
20 S Babcock St,Fairbanks,AK,99712
2 Lighthouse Ave,Hopkins,MN,55343
38938 Park Blvd,Boston,MA,2128
5 Tomahawk Dr,Los Angeles,CA,90006
762 S Main St,Madison,WI,53711
209 Decker Dr,Philadelphia,PA,19132
4486 W O St #1,New York,NY,10003
39 S 7th St,Tullahoma,TN,37388
98839 Hawthorne Blvd #6101,Columbia,SC,29201
71 San Mateo Ave,Wayne,PA,19087
76 Brooks St #9,Flemington,NJ,8822
4545 Courthouse Rd,Westbury,NY,11590
14288 Foster Ave #4121,Jenkintown,PA,19046
4 Otis St,Van Nuys,CA,91405
65895 S 16th St,Providence,RI,2909
14302 Pennsylvania Ave,Huntingdon Valley,PA,19006
201 Hawk Ct,Providence,RI,2904
53075 Sw 152nd Ter #615,Monroe Township,NJ,8831
59 N Groesbeck Hwy,Austin,TX,78731
2664 Lewis Rd,Littleton,CO,80126
59 Shady Ln #53,Milwaukee,WI,53214
3305 Nabell Ave #679,New York,NY,10009
18 Fountain St,Anchorage,AK,99515
7 W 32nd St,Erie,PA,16502
2853 S Central Expy,Glen Burnie,MD,21061
74 W College St,Boise,ID,83707
701 S Harrison Rd,San Francisco,CA,94104
1088 Pinehurst St,Chapel Hill,NC,27514
30 W 80th St #1995,San Carlos,CA,94070
20932 Hedley St,Concord,CA,94520
2737 Pistorio Rd #9230,London,OH,43140
74989 Brandon St,Wellsville,NY,14895
6 Kains Ave,Baltimore,MD,21215
47565 W Grand Ave,Newark,NJ,7105
4284 Dorigo Ln,Chicago,IL,60647
6794 Lake Dr E,Newark,NJ,7104
31 Douglas Blvd #950,Clovis,NM,88101
44 W 4th St,Staten Island,NY,10309
11279 Loytan St,Jacksonville,FL,32254
69 Marquette Ave,Hayward,CA,94545
70 W Main St,Beachwood,OH,44122
461 Prospect Pl #316,Euless,TX,76040
47154 Whipple Ave Nw,Gardena,CA,90247
37 Alabama Ave,Evanston,IL,60201
3777 E Richmond St #900,Akron,OH,44302
3 Fort Worth Ave,Philadelphia,PA,19106
4800 Black Horse Pike,Burlingame,CA,94010
83649 W Belmont Ave,San Gabriel,CA,91776
840 15th Ave,Waco,TX,76708
1747 Calle Amanecer #2,Anchorage,AK,99501
99385 Charity St #840,San Jose,CA,95110
68556 Central Hwy,San Leandro,CA,94577
55 Riverside Ave,Indianapolis,IN,46202
7140 University Ave,Rock Springs,WY,82901
64 5th Ave #1153,Mc Lean,VA,22102
3 Secor Rd,New Orleans,LA,70112
4 Webbs Chapel Rd,Boulder,CO,80303
524 Louisiana Ave Nw,San Leandro,CA,94577
185 Blackstone Bldge,Honolulu,HI,96817
170 Wyoming Ave,Burnsville,MN,55337
4 10th St W,High Point,NC,27263
7 W Pinhook Rd,Lynbrook,NY,11563
1 Commerce Way,Portland,OR,97224
64 Lakeview Ave,Beloit,WI,53511
3 Aspen St,Worcester,MA,1602
32860 Sierra Rd,Miami,FL,33133
555 Main St,Erie,PA,16502
2 Se 3rd Ave,Mesquite,TX,75149
2239 Shawnee Mission Pky,Tullahoma,TN,37388
2726 Charcot Ave,Paterson,NJ,7501
5161 Dorsett Rd,Homestead,FL,33030
55892 Jacksonville Rd,Owings Mills,MD,21117
5 N Cleveland Massillon Rd,Thousand Oaks,CA,91362
7 Benton Dr,Honolulu,HI,96819
9390 S Howell Ave,Albany,GA,31701
8 County Center Dr #647,Boston,MA,2210
4646 Kaahumanu St,Hackensack,NJ,7601
2 Monroe St,San Mateo,CA,94403
52777 Leaders Heights Rd,Ontario,CA,91761
72868 Blackington Ave,Oakland,CA,94606
9 Norristown Rd,Troy,NY,12180
83 County Road 437 #8581,Clarks Summit,PA,18411
1 N Harlem Ave #9,Orange,NJ,7050
90131 J St,Pittstown,NJ,8867
8597 W National Ave,Cocoa,FL,32922
6 Gilson St,Bronx,NY,10468
65 W Maple Ave,Pearl City,HI,96782
866 34th Ave,Denver,CO,80231
798 Lund Farm Way,Rockaway,NJ,7866
9387 Charcot Ave,Absecon,NJ,8201
30553 Washington Rd,Plainfield,NJ,7062
481 W Lemon St,Middleboro,MA,2346
4 Warehouse Point Rd #7,Chicago,IL,60638
4940 Pulaski Park Dr,Portland,OR,97202
627 Walford Ave,Dallas,TX,75227
137 Pioneer Way,Chicago,IL,60604
61 13 Stoneridge #835,Findlay,OH,45840
2409 Alabama Rd,Riverside,CA,92501
8927 Vandever Ave,Waco,TX,76707
134 Lewis Rd,Nashville,TN,37211
9 N College Ave #3,Milwaukee,WI,53216
60480 Old Us Highway 51,Preston,MD,21655
4 Bloomfield Ave,Irving,TX,75061
429 Tiger Ln,Beverly Hills,CA,90212
54169 N Main St,Massapequa,NY,11758
92 Main St,Atlantic City,NJ,8401
72 Mannix Dr,Cincinnati,OH,45203
12270 Caton Center Dr,Eugene,OR,97401
749 W 18th St #45,Smithfield,NC,27577
8 Industry Ln,New York,NY,10002
1 Huntwood Ave,Phoenix,AZ,85017
55262 N French Rd,Indianapolis,IN,46240
422 E 21st St,Syracuse,NY,13214
501 N 19th Ave,Cherry Hill,NJ,8002
455 N Main Ave,Garden City,NY,11530
1844 Southern Blvd,Little Rock,AR,72202
2023 Greg St,Saint Paul,MN,55101
63381 Jenks Ave,Philadelphia,PA,19134
6651 Municipal Rd,Houma,LA,70360
81 Norris Ave #525,Ronkonkoma,NY,11779
6916 W Main St,Sacramento,CA,95827
9635 S Main St,Boise,ID,83704
17 Us Highway 111,Round Rock,TX,78664
992 Civic Center Dr,Philadelphia,PA,19123
303 N Radcliffe St,Hilo,HI,96720
73 Saint Ann St #86,Reno,NV,89502
44 58th St,Wheeling,IL,60090
9745 W Main St,Randolph,NJ,7869
84 Bloomfield Ave,Spartanburg,SC,29301
287 Youngstown Warren Rd,Hampstead,MD,21074
6 Van Buren St,Mount Vernon,NY,10553
229 N Forty Driv,New York,NY,10011
2887 Knowlton St #5435,Berkeley,CA,94710
523 Marquette Ave,Concord,MA,1742
3717 Hamann Industrial Pky,San Francisco,CA,94104
3 State Route 35 S,Paramus,NJ,7652
82 N Highway 67,Oakley,CA,94561
9 Murfreesboro Rd,Chicago,IL,60623
6 S Broadway St,Cedar Grove,NJ,7009
6 Harry L Dr #6327,Perrysburg,OH,43551
47939 Porter Ave,Gardena,CA,90248
9 Wales Rd Ne #914,Homosassa,FL,34448
195 13n N,Santa Clara,CA,95054
99 Tank Farm Rd,Hazleton,PA,18201
4671 Alemany Blvd,Jersey City,NJ,7304
98 University Dr,San Ramon,CA,94583
50 E Wacker Dr,Bridgewater,NJ,8807
70 Euclid Ave #722,Bohemia,NY,11716
326 E Main St #6496,Thousand Oaks,CA,91362
406 Main St,Somerville,NJ,8876
3 Elmwood Dr,Beaverton,OR,97005
9 Church St,Salem,OR,97302
9939 N 14th St,Riverton,NJ,8077
5384 Southwyck Blvd,Douglasville,GA,30135
97 Airport Loop Dr,Jacksonville,FL,32216
37855 Nolan Rd,Bangor,ME,4401
4252 N Washington Ave #9,Kennedale,TX,76060
42754 S Ash Ave,Buffalo,NY,14228
703 Beville Rd,Opa Locka,FL,33054
5 Harrison Rd,New York,NY,10038
73 Southern Blvd,Philadelphia,PA,19103
189 Village Park Rd,Crestview,FL,32536
6 Middlegate Rd #106,San Francisco,CA,94107
1128 Delaware St,San Jose,CA,95132
577 Parade St,South San Francisco,CA,94080
70 Mechanic St,Northridge,CA,91325
4379 Highway 116,Philadelphia,PA,19103
55 Hawthorne Blvd,Lafayette,LA,70506
7116 Western Ave,Dearborn,MI,48126
2026 N Plankinton Ave #3,Austin,TX,78754
99586 Main St,Dallas,TX,75207
8739 Hudson St,Vashon,WA,98070
383 Gunderman Rd #197,Coatesville,PA,19320
4441 Point Term Mkt,Philadelphia,PA,19143
2972 Lafayette Ave,Gardena,CA,90248
2140 Diamond Blvd,Rohnert Park,CA,94928
93 Redmond Rd #492,Orlando,FL,32803
3989 Portage Tr,Escondido,CA,92025
1 Midway Rd,Westborough,MA,1581
77132 Coon Rapids Blvd Nw,Conroe,TX,77301
755 Harbor Way,Milwaukee,WI,53226
87 Sierra Rd,El Monte,CA,91731
7667 S Hulen St #42,Yonkers,NY,10701
75684 S Withlapopka Dr #32,Dallas,TX,75227
5 Elmwood Park Blvd,Biloxi,MS,39530
23 Palo Alto Sq,Miami,FL,33134
38062 E Main St,New York,NY,10048
3958 S Dupont Hwy #7,Ramsey,NJ,7446
560 Civic Center Dr,Ann Arbor,MI,48103
3270 Dequindre Rd,Deer Park,NY,11729
1 Garfield Ave #7,Canton,OH,44707
9122 Carpenter Ave,New Haven,CT,6511
48 Lenox St,Fairfax,VA,22030
5 Little River Tpke,Wilmington,MA,1887
3 N Groesbeck Hwy,Toledo,OH,43613
37 N Elm St #916,Tacoma,WA,98409
433 Westminster Blvd #590,Roseville,CA,95661
66697 Park Pl #3224,Riverton,WY,82501
96263 Greenwood Pl,Warren,ME,4864
8 Mcarthur Ln,Richboro,PA,18954
8 Fair Lawn Ave,Tampa,FL,33614
9 N 14th St,El Cajon,CA,92020
9 Vanowen St,College Station,TX,77840
18 Waterloo Geneva Rd,Highland Park,IL,60035
506 S Hacienda Dr,Atlantic City,NJ,8401
3732 Sherman Ave,Bridgewater,NJ,8807
25657 Live Oak St,Brooklyn,NY,11226
4923 Carey Ave,Saint Louis,MO,63104
3196 S Rider Trl,Stockton,CA,95207
3 Railway Ave #75,Little Falls,NJ,7424
87393 E Highland Rd,Indianapolis,IN,46220
67 E Chestnut Hill Rd,Seattle,WA,98133
33 Lewis Rd #46,Burlington,NC,27215
8100 Jacksonville Rd #7,Hays,KS,67601
7 W Wabansia Ave #227,Orlando,FL,32822
25 Minters Chapel Rd #9,Minneapolis,MN,55401
6882 Torresdale Ave,Columbia,SC,29201
985 E 6th Ave,Santa Rosa,CA,95407
7 West Ave #1,Palatine,IL,60067
26659 N 13th St,Costa Mesa,CA,92626
669 Packerland Dr #1438,Denver,CO,80212
759 Eldora St,New Haven,CT,6515
5 S Colorado Blvd #449,Bothell,WA,98021
944 Gaither Dr,Strongsville,OH,44136
66552 Malone Rd,Plaistow,NH,3865
77 Massillon Rd #822,Satellite Beach,FL,32937
25346 New Rd,New York,NY,10016
60 Fillmore Ave,Huntington Beach,CA,92647
57 Haven Ave #90,Southfield,MI,48075
6538 E Pomona St #60,Indianapolis,IN,46222
6535 Joyce St,Wichita Falls,TX,76301
78112 Morris Ave,North Haven,CT,6473
96950 Hidden Ln,Aberdeen,MD,21001
3718 S Main St,New Orleans,LA,70130
9677 Commerce Dr,Richmond,VA,23219
5 Green Pond Rd #4,Southampton,PA,18966
636 Commerce Dr #42,Shakopee,MN,55379
42744 Hamann Industrial Pky #82,Miami,FL,33136
1950 5th Ave,Milwaukee,WI,53209
61304 N French Rd,Somerset,NJ,8873
87 Imperial Ct #79,Fargo,ND,58102
94 W Dodge Rd,Carson City,NV,89701
4 58th St #3519,Scottsdale,AZ,85254
5221 Bear Valley Rd,Nashville,TN,37211
9648 S Main,Salisbury,MD,21801
7 S San Marcos Rd,New York,NY,10004
812 S Haven St,Amarillo,TX,79109
3882 W Congress St #799,Los Angeles,CA,90016
4 E Colonial Dr,La Mesa,CA,91942
45 2nd Ave #9759,Atlanta,GA,30328
57254 Brickell Ave #372,Worcester,MA,1602
8977 Connecticut Ave Nw #3,Niles,MI,49120
9 Waydell St,Fairfield,NJ,7004
43 Huey P Long Ave,Lafayette,LA,70508
7563 Cornwall Rd #4462,Denver,PA,17517
22 Bridle Ln,Valley Park,MO,63088
70099 E North Ave,Arlington,TX,76013
3211 E Northeast Loop,Tampa,FL,33619
26 Montgomery St,Atlanta,GA,30328
13252 Lighthouse Ave,Cathedral City,CA,92234
206 Main St #2804,Lansing,MI,48933
96541 W Central Blvd,Phoenix,AZ,85034
34 Saint George Ave #2,Bangor,ME,4401
47857 Coney Island Ave,Clinton,MD,20735
8573 Lincoln Blvd,York,PA,17404
596 Santa Maria Ave #7913,Mesquite,TX,75150
3829 Ventura Blvd,Butte,MT,59701
13 S Hacienda Dr,Livingston,NJ,7039
40 9th Ave Sw #91,Waterford,MI,48329
2845 Boulder Crescent St,Cleveland,OH,44103
33 State St,Abilene,TX,79601
2 S 15th St,Fort Worth,TX,76107
4 Kohler Memorial Dr,Brooklyn,NY,11230
1 Rancho Del Mar Shopping C,Providence,RI,2903
3943 N Highland Ave,Lancaster,PA,17601
5 Williams St,Johnston,RI,2919
60 Old Dover Rd,Hialeah,FL,33014
8 Sheridan Rd,Jersey City,NJ,7304
85092 Southern Blvd,San Antonio,TX,78204
64 Newman Springs Rd E,Brooklyn,NY,11219
48 Stratford Ave,Pomona,CA,91768
80 Pittsford Victor Rd #9,Cleveland,OH,44103
87163 N Main Ave,New York,NY,10013
393 Lafayette Ave,Richmond,VA,23219
99 5th Ave #33,Trion,GA,30753
49 N Mays St,Broussard,LA,70518
993 Washington Ave,Nutley,NJ,7110
88 15th Ave Ne,Vestal,NY,13850
3381 E 40th Ave,Passaic,NJ,7055
201 Ridgewood Rd,Moscow,ID,83843
39 Moccasin Dr,San Francisco,CA,94104
4 Carroll St,North Attleboro,MA,2760
9581 E Arapahoe Rd,Rochester,MI,48307
33 N Michigan Ave,Green Bay,WI,54301
2 S Biscayne Blvd,Baltimore,MD,21230
8 Us Highway 22,Colorado Springs,CO,80937
7422 Martin Ave #8,Toledo,OH,43607
94 Chase Rd,Hyattsville,MD,20785
8139 I Hwy 10 #92,New Bedford,MA,2745
5 Cabot Rd,Mc Lean,VA,22102
3387 Ryan Dr,Hanover,MD,21076
3125 Packer Ave #9851,Austin,TX,78753
347 Chestnut St,Peoria,AZ,85381
8116 Mount Vernon Ave,Bucyrus,OH,44820
8772 Old County Rd #5410,Kent,WA,98032
868 State St #38,Cincinnati,OH,45251
772 W River Dr,Bloomington,IN,47404
73 W Barstow Ave,Arlington Heights,IL,60004
61047 Mayfield Ave,Brooklyn,NY,11223
2139 Santa Rosa Ave,Orlando,FL,32801
598 43rd St,Beverly Hills,CA,90210
70295 Pioneer Ct,Brandon,FL,33511
92899 Kalakaua Ave,El Paso,TX,79925
395 S 6th St #2,El Cajon,CA,92020
9506 Edgemore Ave,Bladensburg,MD,20710
72119 S Walker Ave #63,Anaheim,CA,92801
369 Latham St #500,Saint Louis,MO,63102
3158 Runamuck Pl,Round Rock,TX,78664
9 Plainsboro Rd #598,Greensboro,NC,27409
8728 S Broad St,Coram,NY,11727
2215 Prosperity Dr,Lyndhurst,NJ,7071
1 S Pine St,Memphis,TN,38112
187 Market St,Atlanta,GA,30342
94290 S Buchanan St,Pacifica,CA,94044
7061 N 2nd St,Burnsville,MN,55337
10759 Main St,Scottsdale,AZ,85260
97 E 3rd St #9,Long Island City,NY,11101
82 Winsor St #54,Atlanta,GA,30340
41 Steel Ct,Northfield,MN,55057
49440 Dearborn St,Norwalk,CT,6854
7 S Beverly Dr,Fort Wayne,IN,46802
919 Wall Blvd,Meridian,MS,39307
89 20th St E #779,Sterling Heights,MI,48310
721 Interstate 45 S,Colorado Springs,CO,80919
3 Lawton St,New York,NY,10013
38 Pleasant Hill Rd,Hayward,CA,94545
45 E Acacia Ct,Chicago,IL,60624
63728 Poway Rd #1,Scranton,PA,18509
77 222 Dr,Oroville,CA,95965
53 W Carey St,Port Jervis,NY,12771
617 Nw 36th Ave,Brook Park,OH,44142
539 Coldwater Canyon Ave,Bloomfield,NJ,7003
735 Crawford Dr,Anchorage,AK,99501
910 Rahway Ave,Philadelphia,PA,19102
7 Tarrytown Rd,Cincinnati,OH,45217
35433 Blake St #588,Gardena,CA,90248
29 Cherry St #7073,Des Moines,IA,50315
810 N La Brea Ave,King of Prussia,PA,19406
987 Main St,Raleigh,NC,27601
36 Enterprise St Se,Richland,WA,99352
8429 Miller Rd,Pelham,NY,10803
5 W 7th St,Parkville,MD,21234
2 Flynn Rd,Hicksville,NY,11801
2094 Ne 36th Ave,Worcester,MA,1603
649 Tulane Ave,Tulsa,OK,74105
2094 Montour Blvd,Muskegon,MI,49442
393 Hammond Dr,Lafayette,LA,70506
8590 Lake Lizzie Dr,Bowling Green,OH,43402
87895 Concord Rd,La Mesa,CA,91942
46314 Route 130,Bridgeport,CT,6610
4 Cowesett Ave,Kearny,NJ,7032
95 Main Ave #2,Barberton,OH,44203
28 S 7th St #2824,Englewood,NJ,7631
79 S Howell Ave,Grand Rapids,MI,49546
36 Lancaster Dr Se,Pearl,MS,39208
2759 Livingston Ave,Memphis,TN,38118
17 Jersey Ave,Englewood,CO,80110
2 W Grand Ave,Memphis,TN,38112
18 Coronado Ave #563,Pasadena,CA,91106
72 Beechwood Ter,Chicago,IL,60657
92 Broadway,Astoria,NY,11103
39 Franklin Ave,Richland,WA,99352
4 Iwaena St,Baltimore,MD,21202
32820 Corkwood Rd,Newark,NJ,7104
34 Raritan Center Pky,Bellflower,CA,90706
6201 S Nevada Ave,Toms River,NJ,8755
78 Maryland Dr #146,Denville,NJ,7834
76598 Rd  I 95 #1,Denver,CO,80216
1610 14th St Nw,Newport News,VA,23608
86350 Roszel Rd,Phoenix,AZ,85012
1644 Clove Rd,Miami,FL,33155
9 W Central Ave,Phoenix,AZ,85013
27846 Lafayette Ave,Oak Hill,FL,32759
10276 Brooks St,San Francisco,CA,94105
1 Century Park E,San Diego,CA,92110
9 State Highway 57 #22,Jersey City,NJ,7306
4 S Washington Ave,San Bernardino,CA,92410
25 Se 176th Pl,Cambridge,MA,2138
105 Richmond Valley Rd,Escondido,CA,92025
22 Spruce St #595,Gardena,CA,90248
2 W Beverly Blvd,Harrisburg,PA,17110
72 Southern Blvd,Mesa,AZ,85204
1 Washington St,Lake Worth,FL,33461
90177 N 55th Ave,Nashville,TN,37211
9 Tower Ave,Burlington,KY,41005
278 Bayview Ave,Milan,MI,48160
80312 W 32nd St,Conroe,TX,77301
82 Us Highway 46,Clifton,NJ,7011
4 Stovall St #72,Union City,NJ,7087
19 Amboy Ave,Miami,FL,33142
63 Smith Ln #8343,Moss,TN,38575
11360 S Halsted St,Santa Ana,CA,92705
26849 Jefferson Hwy,Rolling Meadows,IL,60008
2500 Pringle Rd Se #508,Hatfield,PA,19440
65 Mountain View Dr,Whippany,NJ,7981
1 N San Saba,Erie,PA,16501
51120 State Route 18,Salt Lake City,UT,84115
1482 College Ave,Fayetteville,NC,28301
4119 Metropolitan Dr,Los Angeles,CA,90021
2167 Sierra Rd,East Lansing,MI,48823
6 Sunrise Ave,Utica,NY,13501
55713 Lake City Hwy,South Bend,IN,46601
75698 N Fiesta Blvd,Orlando,FL,32806
88 Sw 28th Ter,Harrison,NJ,7029
7 Flowers Rd #403,Trenton,NJ,8611
4 Nw 12th St #3849,Madison,WI,53717
2 A Kelley Dr,Katonah,NY,10536
88827 Frankford Ave,Greensboro,NC,27401
2 W Scyene Rd #3,Baltimore,MD,21217
62260 Park Stre,Monroe Township,NJ,8831
3424 29th St Se,Kerrville,TX,78028
35 E Main St #43,Elk Grove Village,IL,60007
7163 W Clark Rd,Freehold,NJ,7728
21575 S Apple Creek Rd,Omaha,NE,68124
747 Leonis Blvd,Annandale,VA,22003
13 Gunnison St,Plano,TX,75075
18 3rd Ave,New York,NY,10016
62 W Austin St,Syosset,NY,11791
177 S Rider Trl #52,Crystal River,FL,34429
2 W Mount Royal Ave,Fortville,IN,46040
1953 Telegraph Rd,Saint Joseph,MO,64504
63517 Dupont St,Jackson,MS,39211
5 E Truman Rd,Abilene,TX,79602
251 Park Ave #979,Saratoga,CA,95070
43496 Commercial Dr #29,Cherry Hill,NJ,8003
2184 Worth St,Hayward,CA,94545
50126 N Plankinton Ave,Longwood,FL,32750
38773 Gravois Ave,Cheyenne,WY,82001
16452 Greenwich St,Garden City,NY,11530
40 Cambridge Ave,Madison,WI,53715
20113 4th Ave E,Kearny,NJ,7032
6 Ridgewood Center Dr,Old Forge,PA,18518
469 Outwater Ln,San Diego,CA,92126
62 Monroe St,Thousand Palms,CA,92276
3338 A Lockport Pl #6,Margate City,NJ,8402
9 Hwy,Providence,RI,2906
8284 Hart St,Abilene,KS,67410
5 Washington St #1,Roseville,CA,95678
8 S Haven St,Daytona Beach,FL,32114
9 Front St,Washington,DC,20001
1933 Packer Ave #2,Novato,CA,94945
67 Rv Cent,Boise,ID,83709
2 Sw Nyberg Rd,Elkhart,IN,46514
89992 E 15th St,Alliance,NE,69301
61556 W 20th Ave,Seattle,WA,98104
63 E Aurora Dr,Orlando,FL,32804
